"Abelmoschus esculentus","Lady's fingers","1"
"Abrus precatorius","Black-eyed Susan","4"
"Abrus precatorius","Indian bead or bean","4"
"Abrus precatorius","Jequirity bean","4"
"Abrus precatorius","Licorice vine","4"
"Abrus precatorius","Licorice, Indian","4"
"Abrus precatorius","Licorice, wild","4"
"Abrus precatorius","Love bean","4"
"Abrus precatorius","Lucky bean","4"
"Abrus precatorius","Prayer bead or bean","4"
"Abrus precatorius","Precatory pea or bean","4"
"Abrus precatorius","Rosary bean or pea","4"
"Abrus precatorius","Seminole bead","4"
"Abrus precatorius","Wild licorice","4"
"Abutilon hybridum","Chinese lantern","1"
"Abutilon hybridum","Flowering maple","1"
"Acalypha hispida","Chenille plant","1,3"
"Acalypha hispida","Foxtail","1,3"
"Acalypha hispida","Red hot cat tail","1,3"
"Acalypha wilkesiana","Fire-dragon","3"
"Acalypha wilkesiana","Match-me-if-you-can","1"
"Achillea millefolium","Gordoloba","1,3"
"Achillea millefolium","Yarrow","1, 3"
"Acokanthera spp","Poison bush","4"
"Aconitium napellus","Aconite","4"
"Aconitium napellus","Helmet flower","4"
"Aconitium napellus","Monkshood","4"
"Aconitium napellus","Wolfsbane","4"
"Acorus calamus","Sweet flag","1"
"Actaea rubra","Baneberry","1,4"
"Actaea spicata","Cohosh","1,4"
"Actaea spicata","Coralberry","1,4"
"Actaea spicata","Dolls-eyes","1,4"
"Actaea spicata","Snakeberry","1,4"
"Adenium obesum","Desert rose","4"
"Aesculus californica","California buckeye","3"
"Aesculus glabra","Ohio buckeye","3"
"Aesculus pavia","Fire cracker plant","3"
"Aesculus spp","Buckeye","3"
"Aesculus spp","Horse chestnut","3"
"Aethusa cynapium","False parsley","4"
"Aethusa cynapium","Fool's parsley","4"
"Agapanthus spp","African lily","1"
"Agapanthus spp","Agapanthus","1"
"Agapanthus spp","Lily of the Nile","1"
"Agave americana","Century plant","1,3"
"Agave uthaensis—do not confuse with Lophophora williamsii (peyote)","Mescal—do not confuse with Lophophora williamsii (peyote)","1,3"
"Ageratum conyzoides","Pussy foot","3"
"Aleurites fordii","Kalo nut","1,3"
"Aleurites moluccana","Candle berry tree","1,3"
"Aleurites moluccana","Candlenut oil tree","1,3"
"Aleurites moluccana","Varnish tree","1,3"
"Allium ampeloprasum","Elephant garlic","1,3"
"Allium ampeloprasum","Wild leek","1,3"
"Allium cepa","Onion (large quantities)","1,3"
"Allium cernuum","Onion, wild","1,3"
"Allium sativum","Allium","1,3"
"Allium sativum","Garlic","1,3"
"Allium sativum","Nectar of the gods","1,3"
"Allium sativum","Stinking rose","1,3"
"Allium spp","Wild garlic","1,3"
"Allium spp","Wild onion","1,3"
"Alnus spp","Alder tree","1"
"Alocasia","Elephant's ear","1,2a"
"Alocasia macrorrhiza","Taro","2a"
"Alocasia spp","Alocasia","2a"
"Aloe barbadensis","Aloe vera","1,3"
"Aloe barbadensis","Indian aloe","1,3"
"Aloe barbadensis","Medicinal aloe","1,3"
"Aloe spp","Medicine plant","1,3"
"Alstroemeria aurantiaca","Alstroemeria","1,3"
"Alstroemeria aurantiaca","Lily of the Incas","1,3"
"Alstroemeria spp","Peruvian lily","1,3"
"Alystegia sepium","Bindweed","1,3"
"Alystegia sepium","Wild morning glory","1,3"
"Amaryllis belladonna","Amaryllis belladonna","3"
"Amaryllis belladonna","Belladonna lily","3"
"Amaryllis belladonna","Cape belladonna","3"
"Amaryllis belladonna","Naked lady","3"
"Amaryllis spp","Amaryllis","3"
"Ambrosia artemisiifolia","Ragweed","1"
"Ammi majus","Bishop's weed","1"
"Ammi majus","False Queen Anne's lace","1"
"Ammi majus","Lady's lace","1"
"Amorphophallus rivieri","Devil's tongue","1,2a"
"Amorphophallus rivieri","Leopard palm","1,2a"
"Amorphophallus rivieri","Voodoo lily","1,2a"
"Andromeda japonica","Lily-of-the-valley bush or shrub","4"
"Anemone nuttalliana","Lion's beard","1,3"
"Anemone patens","Easter flower","1,3"
"Anemone patens","Pasque flower","1,3"
"Anemone patens","Prairie crocus","1,3"
"Anemone patens","Wild crocus","1,3"
"Anemone spp","Anemone","1,3"
"Anemone spp","Windflower","1,3"
"Angelica archangelica","Angelica","1,4"
"Angelica archangelica","Archangel","1,4"
"Angelica archangelica","Wild parsnip","1,4"
"Anthemis cotula","Camomile","1"
"Anthemis cotula","Chamomile","1"
"Anthemis cotula","Dog fennel","1"
"Anthurium scherzeranum","Flamingo flower","2a"
"Anthurium spp","Anthurium","2a"
"Apocynum cannabinum","Indian hemp","4?"
"Araujia sericifera","Cruel plant","1,3"
"Arctostaphylos uva-ursi","Redberry","1,4"
"Arctostaphylos uva-ursi","Sandberry","1,4"
"Arena fatua","Wild oats","3"
"Argemone glauca","Hawaiian poppy","4"
"Argemone glauca","Hawaiian prickly poppy","4"
"Argemone mexicana","Mexican prickle poppy","4"
"Argemone mexicana","Prickly poppy","4"
"Argemone mexicana","Thornapple","4"
"Argyreia nervosa","Hawaiian baby woodrose (seeds)","4"
"Arisaema dracontium","Dragon tail","2a"
"Arisaema dracontium","Green dragon","2a"
"Arisaema spp","Dragon root","2a"
"Arisaema triphyllum","Devils' ear","1,2a"
"Arisaema triphyllum","Jack-in-the-pulpit","1,2a"
"Arisaema triphyllum","Wild turnip","1,2a"
"Aristolochia elegans","Calico flower","4"
"Aristolochia serpentaria","Snakeroot","4"
"Armoracia rusticana","Horseradish","3"
"Arnica montana","Leopard's bane","1,4"
"Arnica montana","Mountain tobacco","1,4"
"Arnica spp","Arnica","1,4"
"Arnica spp","Wolf's bane","4"
"Artemesia absinthium","Absinth","4"
"Artemisia spp","Sagebrush","4"
"Artemisia spp","Wormseed or wormwood","4"
"Arum italicum","Italian arum","2a"
"Arum maculatum","Adam-and-Eve","1,2a"
"Arum maculatum","Lord and ladies","1,2a"
"Arum spp","Arum","1,2a"
"Asarum canadense","Wild ginger","4"
"Asclepias spp","Indian paint brush","4"
"Asclepias spp","Milkweed","4"
"Asclepias syriaca","Silk weed","4"
"Asclepias tuberosa","Butterfly weed","4"
"Astragalus spp","Locoweed","4"
"Atropa belladonna","Belladonna","4"
"Atropa belladonna","Deadly nightshade","4"
"Aucuba japonica","Japanese aucuba","3"
"Aucuba japonica","Japanese laurel","3"
"Berberis spp","Barberry","4"
"Bougainvillea spp","Bougainvillea","1"
"Bougainvillea spp","Paper flower","1"
"Brosimum guainense","Snakewood","1"
"Browallia spp","Amethyst flower","1"
"Browallia spp","Sapphire flower","1"
"Brunfelsia americana","Lady-of-the-night","4"
"Brunfelsia spp","Morning-noon-and-night","4"
"Brunfelsia spp","Yesterday-and-today","4"
"Brunfelsia spp","Yesterday-today-and-tomorrow","4"
"Brunfelsia undulata","Rain tree","4"
"Bryonia spp","Hops, wild","3"
"Buxus sempervirens","Boxwood","1,4"
"Caesalpinia gilliesii","Bird of paradise","3"
"Caesalpinia mexicana","Mexican bird of paradise","3"
"Caesalpinia pulcherrima","Barbados flower","3"
"Caesalpinia pulcherrima","Peacock flower","3"
"Caesalpinia pulcherrima","Pride of Barbados","3"
"Caesalpinia spp","Barbados pride","3"
"Caesalpinia spp","Poinciana","3"
"Caladium","Angel wings","2a"
"Caladium","Caladium","2a"
"Caladium","Elephant's ear","2a"
"Caladium","Mother in law plant","2a"
"Caladium bicolor","Heart-of-Jesus","2a"
"Calla palustris","Wild calla","2a"
"Calluna vulgaris","Heath/Heather","4"
"Calluna vulgaris","Scotch heather","4"
"Calocedrus decurrens","Incense cedar","1"
"Calophyllum inophyllum","Laurel, Indian (seed kernel)","3"
"Calophyllum inophyllum","Laurelwood (seed kernel)","3"
"Calotropis gigantea","Crown plant","4"
"Calotropis procera","Jasmine, French","4"
"Caltha palustris","Cowslip","1,3"
"Caltha palustris","Marsh marigold","1,3"
"Calycanthus spp","Calycanthus (seeds)","4"
"Calycanthus spp","Carolina allspice (seeds)","4"
"Calycanthus spp","Strawberry shrub (seeds)","4"
"Campsis radicans","Trumpet vine","1"
"Cannabis sativa","Locoweed","4"
"Cantharanthus roseus","Periwinkle, Madagascar","4"
"Cantharanthus roseus","Periwinkle, rose","4"
"Cantharanthus roseus","Rose periwinkle","4"
"Cantharanthus roseus","Vinca rosea","4"
"Capsicum spp","Cayenne pepper","1,3"
"Capsicum spp","Cherry pepper","1,3"
"Capsicum spp","Chili pepper","1,3"
"Capsicum spp","Habanero pepper","1,3"
"Capsicum spp","Jalapeno peppers","1,3"
"Capsicum spp","Ornamental pepper","1,3"
"Capsicum spp","Pepper, bell","1,3"
"Capsicum spp","Pepper, sweet","1,3"
"Capsicum spp","Pepper, tobasco","1,3"
"Capsicum spp","Peppers","1,3"
"Capsicum spp","Pimento","1,3"
"Carya illinonensis","Pecan (pollen and nut oil)","1"
"Caryota mitis","Palm, fishtail","1,2a"
"Caryota urens","Jaggery palm","1,2a"
"Cassia siamea","Iron wood","4"
"Cassia spp","Golden rain","3"
"Caulophyllum thalictroides","Blue cohosh","1,4"
"Ceanothus americanus","Red root","3"
"Ceanothus americanus","Wild snowball","3"
"Centaurea americana","Basket flower","1,3"
"Centaurea solstitialis","Thistle, yellow star","1,3"
"Cestrum diurnum","Cestrum, day blooming","4"
"Cestrum diurnum","Day blooming cestrum","4"
"Cestrum diurnum","Day blooming jessamine","4"
"Cestrum diurnum","Jessamine, day","4"
"Cestrum diurnum","Jessamine, day blooming","4"
"Cestrum nocturnum","Fragrance of the night","4"
"Cestrum nocturnum","Jasmine, night blooming","4"
"Cestrum nocturnum","Jessamine, night blooming","4"
"Cestrum nocturnum","Night blooming jasmine","4"
"Cestrum nocturnum","Night blooming jessamine","4"
"Chamaelirium luteum","Devil's bit","3"
"Chamaesyce drummondii","Milk weed","1"
"Chamaesyce hirta","Asthma plant or weed","1"
"Chamaesyce maculata","Milk purslane","1"
"Chelidonium majus","Rock poppy","1,4"
"Chenopodium album","Lamb's quarters","1"
"Chenopodium ambrosioides","Mexican tea","3"
"Chenopodium ambrosioides","Wormseed","3"
"Chenopodium capitatum","Indian paint","1"
"Chrysanthemum frutescens","Marguerite","1,3"
"Chrysanthemum spp","Bridesmaid","1,3"
"Chrysanthemum spp","Chrysanthemum","1,3"
"Chrysanthemum spp","Daisy","1,3"
"Chrysanthemum spp","Mum","1,3"
"Chrysanthemum spp","Shasta daisy","1,3"
"Chrysanthemum spp","Spider mum","1,3"
"Chrysanthemum spp","Tansy","1,3"
"Cicuta douglasii","Poison water hemlock","4"
"Cicuta maculata","Cowbane","4"
"Cicuta maculata","False parsley","4"
"Cicuta maculata","Hemlock, spotted","4"
"Cicuta maculata","Hemlock, water","4"
"Cicuta maculata","Parsley, spotted","4"
"Cicuta maculata","Parsnip, poison","4"
"Cicuta maculata","Parsnip, wild","4"
"Cicuta maculata","Poison parsnip","4"
"Cicuta maculata","Snakeroot","4"
"Cicuta maculata","Wild carrot","4"
"Cicuta maculata","Wild parsnip","4"
"Cimicifuga racemosa","Black cohosh","4"
"Cimicifuga racemosa","Snakeroot,black","4"
"Cinnamomum camphora","Camphor tree","4"
"Citrus aurantiifolia","Lime (peels and thorns)","1"
"Citrus aurantium","Bitter orange","1"
"Citrus limon","Lemon (peels and thorns)","1"
"Citrus meyeri","Meyer lemon (peels and thorns)","1"
"Citrus nobilis","Mandarin orange (peels and thorns)","1"
"Citrus sinensis","Orange (peels and thorns)","1"
"Citrus trifoliata","Mock orange","3"
"Clematis spp","Clematis","1,3"
"Clematis spp","Leather flower","1,3"
"Clematis virginiana","Devil's darning needle","1,3"
"Clematis virginiana","Virgin's bower","1,3"
"Clematis virginiana","Woodbine","1,3"
"Clivia miniata","Caffre lily","3"
"Clivia miniata","Clivia","3"
"Clivia miniata","Kaffir lily","3"
"Cnidoscolus stimulosus","Tread-softly","1"
"Cocculus carolinus","Carolina moonseed","4"
"Cocculus carolinus","Coral beads","4"
"Codiaeum spp","Croton","1"
"Codiaeum spp","Mona Lisa","1"
"Cola nitida","Cola nut","4"
"Cola nitida","Kola nut","4"
"Colchicum autumnale","Crocus, autumn","4"
"Colchicum autumnale","Crocus, fall","4"
"Colchicum autumnale","Meadow crocus","4"
"Colchicum autumnale","Meadow saffron","4"
"Colchicum autumnale","Naked boys","4"
"Colchicum autumnale","Colchicine","4"
"Colocasia esculenta","Caladium","2a"
"Colocasia esculenta","Colocasia","2a"
"Colocasia esculenta","Elephant's ear","2a"
"Colocasia esculenta","Taro","2a"
"Conium maculatum","Deadly hemlock","4"
"Conium maculatum","Hemlock","4"
"Conium maculatum","Hemlock, poison","4"
"Conium maculatum","Hemlock, spotted","4"
"Conium maculatum","Poison hemlock","4"
"Conium maculatum","Poison parsley","4"
"Convallaria majalis","Lily-of-the-valley","4"
"Convolvulus arvensis","Wild morning glory","1,3"
"Coriaria spp","Coriaria","4"
"Cornus sanguinea","Dogwood, bloodtwig","1"
"Coronilla varia","Crown vetch","1"
"Corylus spp","Filbert","1"
"Corylus spp","Hazelnut","1"
"Corynanthe yohimbe","Yohimbe or Yohimbine","4"
"Cotoneaster spp","Cotoneaster","4"
"Crocus sativus","Saffron","4"
"Crocus sativus","Saffron crocus","4"
"Crotalaria spectabilis","Crotalaria","4"
"Crotalaria spectabilis","Rattlebox","4"
"Croton humilis","Pepper bush","1"
"Croton tiglium","Croton","1,4"
"Cryptostegia grandiflora","Allamanda, pink or purple","4"
"Cryptostegia grandiflora","Indian rubber vine","4"
"Cryptostegia grandiflora","Rubber vine","4"
"Cycadaceae family","Cycads","4"
"Cycadaceae family","Zamia","4"
"Cycas spp","Cycas","4"
"Cycas spp","Sago cycas","4"
"Cycas spp","Sago palm","4"
"Cyclamen spp","Cyclamen","3"
"Cymbopogon nardus","Citronella grass","1"
"Cyperus alternifolius","Umbrella plant","4"
"Cyperus papyrus","Paper plant","4"
"Cyperus papyrus","Papyrus","4"
"Cyperus spp","Cyperus","4"
"Cypripedium calceolus","American valerian","1"
"Cypripedium spp","Lady slipper","1"
"Cypripedium spp","Lady's slipper","1"
"Cypripedium spp","Moccasin flower","1"
"Cypripedium spp","Nerve root","1"
"Cypripedium spp","Noah's ark","1"
"Cypripedium spp","Orchid, lady slipper","1"
"Cypripedium spp","Slipper orchid","1"
"Cytisus laburnum","Bean tree","4"
"Cytisus scoparius","Irish tops","3"
"Cytisus scoparius","Scotch broom","3"
"Dalbergia retusa","Rosewood","1"
"Daphne mezereum","Daphne","1,4"
"Daphne mezereum","Mysterious plant","1,4"
"Daphne mezereum","Paradise plant","1,4"
"Daphne mezereum","Spurge flax","1,4"
"Daphne mezereum","Wild pepper","1,4"
"Daphne spp","Flax olive","1,4"
"Dapne cneorum","Garland flower","1,4"
"Datura inoxia","Indian apple","4"
"Datura inoxia","Moonflower","4"
"Datura inoxia","Sacred datura","4"
"Datura spp","Angel's trumpet","4"
"Datura spp","Datura","4"
"Datura spp","Horn-of-plenty","4"
"Datura stamonium","Devil weed","4"
"Datura stramonium","Apple of Peru","4"
"Datura stramonium","Devil's apple","4"
"Datura stramonium","Devil's trumpet","4"
"Datura stramonium","Green dragon","4"
"Datura stramonium","Hells bells","4"
"Datura stramonium","Jimson weed","4"
"Datura stramonium","Loco weed","4"
"Datura stramonium","Moon weed","4"
"Datura stramonium","Stink weed","4"
"Datura stramonium","Thornapple","4"
"Datura stramonium","Trumpet lily","4"
"Daubentonia punicea","False poinciana","4"
"Daubentonia punicea","Rattlebox","4"
"Daubentonia punicea","Sesbania","4"
"Daucus carota","Queen Anne's lace","1"
"Daucus carota","Queen's lace","1"
"Daucus carota","Wild carrot","1"
"Delphinium spp","Delphinium","4"
"Delphinium spp","Larkspur","4"
"Delphinium spp","Rocket larkspur","4"
"Dianthus barbatus","Sweet William","1"
"Dianthus caryophyllus","Clover pink","1"
"Dianthus chinensis","Indian pink","1"
"Dianthus chinensis","Rainbow pink","1"
"Dianthus spp","Carnation","1"
"Dianthus spp","Pinks","1"
"Dianthus spp","Wild carnation","1"
"Dicentra exima","Wild bleeding heart","1,4"
"Dictamnus albus","Burning bush","1"
"Dictamnus albus","Fraxinella","1"
"Dieffenbachia sequine","Mother in law plant","2a"
"Dieffenbachia spp","Dieffenbachia","2a"
"Dieffenbachia spp","Dumb plant","2a"
"Dieffenbachia spp","Dumbcane","2a"
"Dieffenbachia spp","Leopard lily","2a"
"Dieffenbachia spp","Mother in law's tongue","2a"
"Dientra formosa","Bleeding heart","1,4"
"Digitalis purpurea","Foxglove","4"
"Dracunculus vulgaris","Dragon lily or Dragon plant","2a"
"Dracunculus vulgaris","Lily, black","2a"
"Duranta repens","Pigeon berry","1,4"
"Echium spp","Pride of Madeira","4"
"Echium vulgare","Snake flower","4"
"Elephantopus scaber","Elephant's foot","4"
"Endospermum moluccanum","Moon tree","1,3"
"Ephedra spp","Ma Huang","4"
"Ephedra spp","Mexican tea","4"
"Ephedra spp","Miner's tea","4"
"Ephedra spp","Mormon tea","4"
"Ephedra spp","Squaw tea","4"
"Epipremnum aureum","Devil's ivy","2a"
"Epipremnum aureum","Golden pothos","2a"
"Epipremnum aureum","Marble queen pothos","2a"
"Epipremnum aureum","Pothos","2a"
"Equisetum hyemale","Scouring rush","4"
"Equisetum palustre","Marsh horsetail","4"
"Equisetum spp","Foxtail","4"
"Equisetum spp","Horse willow","4"
"Equisetum spp","Horsetail","4"
"Equisetum spp","Mexican horsetail","4"
"Equisetum spp","Rush","4"
"Eriobotrya japonica","Japanese plum (seeds)","4"
"Eriobotrya japonica","Loquat (seeds)","4"
"Erythrina abyssinica","Red hot poker tree","4"
"Erythrina spp","Coral bean","4"
"Erythrina spp","Indian bean","4"
"Erythrina spp","Kaffir-boom","4"
"Erythronium grandiflorum","Glacier lily","1,3"
"Erythronium grandiflorum","Snow lily","1,3"
"Eucalyptus globulus","Blue gum tree","3"
"Eucalyptus globulus","Eucalyptus","3"
"Euonymus atropurpurea","Burning bush","3"
"Euonymus europaea","Spindle tree","3"
"Euonymus spp","Euonymus","3"
"Eupatorium adenophorum","Snakeweed","3"
"Eupatorium cannabinum","Water hemp","3"
"Eupatorium conyzoides","Pussy foot","3"
"Eupatorium rugosum","Snakeroot","4"
"Euphorbia cotinifolia","Red spurge","1,3"
"Euphorbia drummondii","Caustic weed","1,3"
"Euphorbia drummondii","Milkweed","1,3"
"Euphorbia esula","Wolf's milk","1,3"
"Euphorbia hirta","Asthma plant or weed","1"
"Euphorbia lathyrus","Gopher plant","1,3"
"Euphorbia lathyrus","Mole plant","1,3"
"Euphorbia maculata","Milk purslane","1"
"Euphorbia marginata","Snow on the mountain","1,3"
"Euphorbia milii","Crown of thorns","1,3"
"Euphorbia myrsinites","Donkeytail","1,3"
"Euphorbia myrsinites","Spurge","1,3"
"Euphorbia spp","Milk barrel","1,3"
"Euphorbia thymifolia","Chicken weed","1"
"Euphorbia tirucalli","Malabar tree","1,3"
"Euphorbia tirucalli","Milk bush","1,3"
"Euphorbia tirucalli","Pencil cactus or Pencil tree","1,3"
"Euphorbia tithymaloides","Christmas candle","3"
"Euphorbia tithymaloides","Devil's backbone","3"
"Euphorbia tithymaloides","Fiddle flower","3"
"Euphorbia tithymaloides","Redbird cactus or floweer","3"
"Euphorbia tithymaloides","Slipper flower or plant","3"
"Exogonium purga","Ipomea","3"
"Fagus crenta","Beech, Japanese","3"
"Fagus sylvatica","Beech, European","3"
"Fagus sylvatica","Beech, ornamental","3"
"Fraxinus americana","Ash, American","1"
"Fraxinus excelsior","Ash, European","1"
"Galanthus nivalis","Snowdrop","3"
"Gelsemium sempervirens","Wood vine","1,4"
"Gelsemium sempervirens","Yellow jasmine","1,4"
"Gelsemium sempervirens","Yellow jessamine","1,4"
"Gelsemium sempervirens","Carolina jasmine","1,4"
"Gelsemium sempervirens","Carolina jessamine","1,4"
"Gelsemium sempervirens","Carolina wild woodbine","1,4"
"Gelsemium sempervirens","Caroline yellow jessamine","1,4"
"Gelsemium sempervirens","Gelsemium","1,4"
"Gelsemium sempervirens","Jasmine, yellow","4"
"Gelsemium sempervirens","Jessamine, yellow","1,4"
"Ginkgo biloba","Ginkgo","1,4"
"Ginkgo biloba","Ginkgo biloba","1,4"
"Ginkgo biloba","Maidenhair tree","1,4"
"Ginkgo biloba","Oriental plum tree","1,4"
"Gladiola","Gladiola","3"
"Glechoma hederacea","Creeping charlie","3"
"Gloriosa superba","Gloriosa lily","4"
"Gloriosa superba","Glory lily","4"
"Glycyrrhiza glabra","Licorice","4"
"Glycyrrhiza glabra","Liquorice","4"
"Glycyrrhiza lepidata","Wild licorice","4"
"Grevillea banksii","Rain flower","1"
"Haemanthus coccineus","Blood flower or Blood lily","3"
"Hedera canariensis","Ivy, Algerian","1"
"Hedera canariensis","Ivy, Canary","1"
"Hedera canariensis","Ivy, Madeira","1"
"Hedera helix","Baltic ivy","1,3"
"Hedera helix","Birdsfoot ivy","1,3"
"Hedera helix","Green ripples","1,3"
"Hedera helix","Ivy, Baltic","1,3"
"Hedera helix","Ivy, California","1,3"
"Hedera helix","Ivy, English","1,3"
"Hedera helix","Needlepoint ivy","1,3"
"Hedera spp","Ivy","1,3"
"Heliotropium angiospermum","Scorpion's tail","4"
"Heliotropium indicum","Scorpion weed","4"
"Heliotropium spp","Heliotrope","4"
"Helleborus foetidus","Stinking hellebore","4"
"Helleborus niger","Christmas rose","4"
"Helleborus niger","Easter rose","4"
"Helleborus niger","Hellebore","4"
"Helleborus spp","Lenten rose","4"
"Heracleum mantegazzianum","Wild parsnip","1"
"Heracleum mantegazzianum","Wild rhubarb","1"
"Heracleum sphondylium","Cow parsley","1"
"Heracleum sphondylium","Cow parsnip","1"
"Hevea brasiliensis","Rubber tree","1"
"Hippeastrum amaryllis","Fire lily","3"
"Hippeastrum aulicum","Lily of the palace","3"
"Hippeastrum spp","Amaryllis","3"
"Hippobroma longiflora","Horse poison","4"
"Hippobroma longiflora","Star-of-Bethlehem","4"
"Humulus lupulus","Hop, common","1"
"Humulus lupulus","Hop, European","1"
"Hyacinthus orientalis","Hyacinth (bulb)","1,3"
"Hydrangea arborescens","Wild hydrangea","1,3"
"Hydrangea spp","Hydrangea","4"
"Hydrastis canadensis","Golden seal","4"
"Hydrastis canadensis","Indian dye","4"
"Hydrastis canadensis","Indian paint","4"
"Hydrastis canadensis","Orange root","4"
"Hydrocotyle spp","Gotu kola","1,4"
"Hydrocotyle spp","Pennywort","1,4"
"Hymenocallis americana","Basket lily","3"
"Hymenocallis americana","Peruvian lily","3"
"Hymenocallis americana","Spider flower","3"
"Hymenocallis americana","Spider lily","3"
"Hyoscyamus niger","Black henbane","4"
"Hyoscyamus niger","Nightshade, stinking","4"
"Hyoscyamus niger","Poison tobacco","4"
"Hyoscyamus spp","Henbane","4"
"Hypericum perforatum","Hypericum","1,3"
"Hypericum perforatum","Klamath weed","1,3"
"Hypericum perforatum","St. John's wort","1,3"
"Ilex paraguariensis","Mate","3"
"Ilex paraguariensis","Paraguay tea","3"
"Ilex spp","English holly","3"
"Ilex spp","Holly (berry)","3"
"Ilex spp","Oregon holly","3"
"Ilex spp","Winterberry","3"
"Ipomoea alba","Moonflower","1"
"Ipomoea muricata","Moonflower, purple","4"
"Ipomoea spp","Heavenly blue","4"
"Ipomoea spp","Morning glory (seeds)","4"
"Ipomoea spp","Pearly gates","4"
"Ipomoea tricolor","Flying saucers","4"
"Ipomoea x multifida","Hearts and honey vine","4"
"Iris germanica","Fleur-de-lis","1,3"
"Iris spp","Flag","1,3"
"Iris spp","Iris","1,3"
"Iris spp","Snake lily","1,3"
"Iris spuria","Butterfly iris","1,3"
"Iris versicolor","Flag lily","1,3"
"Iris versicolor","Poison flag","1,3"
"Jasminum officinale","Jasmine, poet's","1"
"Jasminum officinale","Jessamine, poet's","1"
"Jatropha manihot","Cassava","4"
"Jatropha molucanna","Candleberry tree","1,3"
"Jatropha molucanna","Candlenut oil tree","1,3"
"Jatropha multifida","Coral plant","4"
"Juglans cinerea","Butternut","1"
"Juglans nigra","Walnut, black","1"
"Juglans regia","Walnut, English","1"
"Juniperus spp","Juniper","1,3"
"Juniperus virginia","Cedar","1,3"
"Kalanchoe daigremontiana","Devil's backbone","4"
"Kalmia angustifolia","Laurel","4"
"Kalmia latifolia","Ivy bush","4"
"Kalmia latifolia","Mountain ivy","4"
"Kalmia latifolia","Mountain laurel","4"
"Kalmia latifolia","Spoonwood","4"
"Karwinski humboltiana","Buckthorn","4"
"Kochia scoparia","Fireball or Firebush","1, 2a, 2b"
"Kochia scoparia","Burning bush","1, 2a, 2b"
"Kochia scoparia","Mexican fireweed","1, 2a, 2b"
"Laburnum spp","Bean tree","4"
"Laburnum spp","Laburnum","4"
"Lantana camara","Lantana","4"
"Laportea canadensis","Nettle","1"
"Larrea tridentate","Chapparal leaf","4"
"Larrea tridentate","Creosote bush","4"
"Lathyrus incanus","Wild sweet pea","4"
"Lathyrus japonicus","Pea, seaside","4"
"Lathyrus odoratus","Sweet pea","4"
"Lathyrus sativus","Pea, grass","4"
"Lathyrus spp","Pea, everlasting","4"
"Lathyrus spp","Singletary pea","4"
"Lathyrus spp","Wild pea","4"
"Laurentia longiflora","Star-of-Bethlehem","4"
"Laurocerasus caroliniana","Mock orange","4"
"Laurocerasus caroliniana","Southern mock orange","4"
"Laurocerasus caroliniana","Wild orange","4"
"Laurocerasus officinalis","Cherry laurel","4"
"Laurocerasus officinalis","English laurel","4"
"Leucaena leucocephala","Acacia palida","4"
"Leucojum vernum","Snowflake","3"
"Ligustrum californicum","Privet, California","3"
"Ligustrum ovalifolium","Privet, California","3"
"Ligustrum vulgare","Privet","3"
"Linium spp","Flax","4"
"Linium spp","Linseed","4"
"Lobelia inflata","Tobacco, wild","1,4"
"Lobelia cardinalis","Cardinal flower","1,4"
"Lobelia cardinalis","Indian pink","1,4"
"Lobelia inflata","Asthma weed","1,4"
"Lobelia inflata","Indian tobacco","1,4"
"Lobelia inflata","Wild tobacco","1,4"
"Lobelia spp","Lobelia","1,4"
"Lobelia tupa","Devil's tobacco","4"
"Lophophora williamsii","Mescal","4"
"Lophophora williamsii","Mescal button","4"
"Lophophora williamsii","Moon","4"
"Lophophora williamsii","Peyote","4"
Lupinus spp"","lue bonnet","4"
"Lupinus spp","Lupine","4"
"Lycium halimifolium","Box thorn","4"
"Lycium halimifolium","Matrimony vine","4"
"Lycopersicon lycopersicum","Cherry tomato (green parts)","4"
"Lycopersicon lycopersicum","Love apple (green parts)","4"
"Lycopersicon lycopersicum","Tomato (green parts)","4"
"Malus baccata","Crabapple (chewed seeds)","4"
"Malus floribunda","Ornamental crabapple (chewed seeds)","4"
"Malus fusca","Oregon crabapple (chewed seeds)","4"
"Malus ioensis","Crabapple, flowering","4"
"Malus ioensis","Flowering crabapple (chewed seeds)","4"
"Malus ioensis","Wild crabapple (chewed seeds)","4"
"Malus pumila","Wild apple (chewed seeds)","4"
"Malus spp","Apple (chewed seeds)","4"
"Melaleuca quinquenervia","Tea tree","1"
"Melaleuca spp","Paperbark tree","1"
"Melia azedarach","Chinaberry","4"
"Melia azedarach","Japanese bead tree","4"
"Melia azedarach","Paradise tree","4"
"Melia azedarach","Persian lilac","4"
"Melia azedarach","Pride of China","4"
"Melia azedarach","Pride of India","4"
"Melia azedarach","Texas umbrella tree","4"
"Melilotus alba","Clover, sweet white","4"
"Melilotus officinalis","Clover, sweet yellow","4"
"Menispermum spp","Moonseed","1,4"
"Mentha pulegium","Pennyroyal","4"
"Merremia tuberosa","Wood rose (seeds)","4"
"Merremia tuberosa","Wood rose, Hawaiian (seeds)","4"
"Merremia tuberose","Hawaiian woodrose","4"
"Mirabilis jalapa","Four o'clock (seeds)","1,3"
"Momordica balsamina","Apple, balsam","3"
"Monstera deliciosa","Breadfruit vine","2a"
"Monstera deliciosa","Fruit salad plant","2a"
"Monstera deliciosa","Mexican breadfruit","2a"
"Monstera deliciosa","Split leaf philodendron","2a"
"Monstera deliciosa","Swiss cheese plant","2a"
"Myrica cerifera","Candleberry","1"
"Myrica cerifera","Waxberry","1"
"Myristica fragrans","Mace","4"
"Myristica fragrans","Nutmeg","4"
"Narcissus spp","Daffodil (bulb)","1,3"
"Narcissus spp","Narcissus","1,3"
"Narcissus tazetta","Paper white narcissus","1,3"
"Narcissus triandrus","Angel's tears","1,3"
"Nepeta cataria","Catnip","3"
"Nepeta hederacea","Creeping charlie","3"
"Nerine bowdenii","Agapanthus, pink","3"
"Nerium oleander","Oleander","4"
"Nerium oleander","Rose-bay","4"
"Nicotiana attenuata","Tobacco, wild","4"
"Nicotiana attenuata","Wild tobacco","4"
"Nicotiana glauca","Mustard tree","4"
"Nicotiana glauca","Tobacco, tree","4"
"Nicotiana longiflora","Ornamental nicotiana","4"
"Nicotiana spp","Nicotiana","4"
"Nicotiana spp","Tobacco","4"
"Nicotiana tabacum","Cultivated tobacco","4"
"Nicotiana tabacum","Tobacco, cultivated","4"
"Nigella damascena","Love-in-a-mist","3"
"Nigella damascena","Wild fennel","3"
"Nigella sativa","Nutmeg flower","3"
"Oenantha crocata","Dead man fingers","4"
"Ornithogalum caudatum","Healing onion","1,4"
"Ornithogalum caudatum","Pregnant onion","1,4"
"Ornithogalum caudatum","Sea onion, false","1,4"
"Ornithogalum spp","Star-of-Bethlehem","4"
"Ornithogalum thyrsoides","Wonderflower","4"
"Osmunda cinnamonea","Buckhorn","3"
"Osmunda cinnamonea","Fiddleheads","3"
"Oxalis acetosella","Irish shamrock","2b"
"Oxalis deppei","Good luckleaf or plant","2b"
"Oxalis spp","Fire fern","2b"
"Oxalis spp","Lady's sorrel","2b"
"Oxalis spp","Oxalis","2b"
"Oxalis spp","Sorrel","2b"
"Oxalis spp","Shamrock","2b"
"Oxytropis lambertii","Locoweed, purple","4"
"Oxytropis lambertii","Locoweed, stemless","4"
"Oxytropis lambertii","Locoweed, white","4"
"Paeonia officinalis","Peony","1,4"
"Paeonia suffruticosa","Peony, tree","1,4"
"Panax pseudoginseng","Ginseng","4"
"Panax quinquefolia","Redberry","4"
"Papaver orientale","Oriental poppy","3"
"Papaver orientale","Poppy, garden","3"
"Papaver orientale","Poppy, Oriental","3"
"Papaver somniferum","Poppy, common","3"
"Papaver somniferum","Poppy, opium","3"
"Parthenocissus quinquefolia","Virginia creeper","2a, 2b"
"Parthenocissus tricuspidata","Boston ivy","2a, 2b"
"Passiflora caerulea","Passion flower","4"
"Passiflora edulis","Passion fruit","4"
"Passiflora incarnata","Apricot vine","4"
"Passiflora incarnata","Wild passion flower","4"
"Passiflora spp","Passion vine","4"
"Passiflora spp","Passionaria","4"
"Pastinaca sativa","Parsnip (all but root)","1"
"Pastinaca sativa","Wild parsnip (all but root)","1"
"Pedilanthus spp","Christmas candle","1,3"
"Pedilanthus tithymaloides","Devil's backbone","1,3"
"Pedilanthus tithymaloides","Fiddleflower","1,3"
"Pedilanthus tithymaloides","Lady's slipper","1,3"
"Pedilanthus tithymaloides","Redbird cactus or flower","1,3"
"Pedilanthus tithymaloides","Slipper flower or plant","1,3"
"Persea americana","Avocado (leaves, stems, seeds)","4"
"Petroselinum crispum","Parsley","1"
"Philodendron bipennifolium","Fiddleleaf philodendron","2a"
"Philodendron bipennifolium","Panda plant","2a"
"Philodendron gigantium","Philodendron, giant","2a"
"Philodendron hastatum","Elephant's ear philodendron","2a"
"Philodendron pertusum","Mexican breadfruit","2a"
"Philodendron pertusum","Philodendron, split leaf","2a"
"Philodendron pertusum","Split leaf philodendron","2a"
"Philodendron scandens","Ivy, common","2a"
"Philodendron scandens","Ivy, parlor","2a"
"Philodendron scandens","Philodendron, heart leaf","2a"
"Philodendron spp","Philodendron","2a"
"Phoradendron flavescens","Mistletoe, American","3"
"Photinia arbutifolia","Christmas berry (leaves)","4"
"Photinia arbutifolia","Photinia arbutifolia (leaves)","4"
"Photinia arbutifolia","Toyon (leaves)","4"
"Physalis alkekengi","Chinese lantern plant","4"
"Physalis alkekengi","Japanese lantern","4"
"Physalis ixocarpa","Tomatillo (green parts)","4"
"Physalis peruviana","Cherry tomato (green parts)","4"
"Phytolacca acinosa","Indian poke","3"
"Phytolacca americana","Inkberry (pokeweed)","3"
"Phytolacca americana","Nightshade, American","3"
"Phytolacca americana","Pigeon berry","3"
"Phytolacca americana","Poke berry","3"
"Phytolacca americana","Pokeweed","3"
"Phytolacca americana","Red ink","3"
"Phytolacca spp","Pokesalad plant","3"
"Pieris japonica","Lily-of-the-valley bush or shrub","4"
"Pistia stratiotes","Shell flower","2a"
"Pithecellobium saman","Rain tree","3"
"Pithecellobium unguis-cati","Cat's claw","1"
"Podocarpus macrophylla","Podocarpus (do not confuse with Taxus species)","3"
"Podocarpus macrophylla","Yew, Japanese or Chinese (do not confuse with Taxus species)","3"
"Podocarpus macrophylla","Yew, Southern tree (do not confuse with Taxus species)","3"
"Podophyllum peltatum","Lemon, wild","1,4"
"Podophyllum peltatum","Mandrake","1,4"
"Podophyllum peltatum","Mayapple","1,4"
"Podophyllum peltatum","Umbrella leaf","1,4"
"Podophyllum peltatum","Wild lemon","1,4"
"Poinciana gelliesii","Barbados pride","3"
"Poinciana gilliesii","Bird of paradise","3"
"Poinciana gilliesii","Poinciana","3"
"Polianthes tuberose","Tuberose","4"
"Polyscias guilfoyei","Coffee tree","1,3"
"Polyscias guilfoyei","Polyscias","1,3"
"Polyscias guilfoyei","Wild coffee","1,3"
"Poncirus trifoliata","Mock orange","3"
"Primula spp","Primula","1"
"Primula veris","Cowslip","1"
"Primula vulgaris","Primrose","1"
"Prosopis glandulosa","Mesquite","1"
"Prunus armeniaca","Apricot (chewed pits)","4"
"Prunus caroliniana","Mock orange","4"
"Prunus caroliniana","Southern mock orange","4"
"Prunus caroliniana","Wild orange","4"
"Prunus cerasifera 'atropurpurea'","Flowering plum","4"
"Prunus cerasifera 'atropurpurea'","Ornamental flowering plum","4"
"Prunus cerasifera 'atropurpurea'","Purple leaf plum","4"
"Prunus domestica","Plum (chewed seeds)","4"
"Prunus dulcis","Bitter almond","4"
"Prunus emarginata","Cherry, bitter (chewed seeds)","4"
"Prunus laurocerasus","Cherry laurel","4"
"Prunus laurocerasus","English laurel","4"
"Prunus mume","Japanese apricot","4"
"Prunus mume","Japanese flowering apricot","4"
"Prunus persica","Nectarine (chewed pits)","4"
"Prunus persica","Peach (chewed pits)","4"
"Prunus serotina","Cherry, wild (chewed seeds)","4"
"Prunus spp","Cherry (chewed pits)","4"
"Prunus spp","Flowering almond","4"
"Prunus spp","Flowering cherry","4"
"Prunus spp","Japanese flowering cherry","4"
"Prunus spp","Ornamental cherry (chewed seeds)","4"
"Prunus spp","Ornamental plum (chewed seeds)","4"
"Prunus virginiana","Chokecherry (chewed seeds)","4"
"Pteridium aquilinum","Bracken fern","4"
"Pyrus calleryana","Bradford pear","1"
"Pyrus communis","Pear (chewed seeds)","1,4"
"Pyrus floribunda","Crabapple, ornamental (chewed seeds)","4"
"Pyrus floribunda","Ornamental crabapple (chewed seeds)","4"
"Pyrus ioensis","Flowering crabapple (chewed seeds)","4"
"Pyrus ioensis","Wild crabapple (chewed seeds)","4"
"Pyrus spp","Ornamental pear","1"
"Pyrus sylvestris","Apple (chewed seeds)","4"
"Pyrus sylvestris","Crabapple (chewed seeds)","4"
"Pyrus sylvestris","Wild apple (chewed seeds)","4"
"Quercus agrifolia","California live oak","1,3"
"Quercus spp","Acorn","1,3"
"Quercus spp","Oak","1,3"
"Quercus utahensis","Scrub oak","1,3"
"Quercus velutina","Black oak","1,3"
"Quercus virginiana","Live oak","1,3"
"Ranunculus spp","Buttercup","1,3"
"Ranunculus spp","Ranunculus","1,3"
"Raphanus raphanistrum","Wild radish","3"
"Raphanus sativus","Radish, Chinese (leaves)","1"
"Retama raetam","Broom bush","4"
"Rhamnus californica","Coffeeberry","3"
"Rhamnus cathartica","Buckthorn","4"
"Rhamus purshiana","Cascara","4"
"Rheum spp","Pie plant (leaves)","1, 2b, 3"
"Rheum spp","Rhubarb (leaves)","1, 2b, 3"
"Rhododendron genus","Azalea","4"
"Rhododendron genus","Rhododendron","4"
"Rhododendron maximum","Laurel, great","4"
"Rhododendron maximum","Rosebay","4"
"Rhus cotinus","Smoke plant, bush or tree","1"
"Rhus diversiloba","Western poison oak","1"
"Rhus quercifolium","Eastern poison oak","1"
"Rhus spp","Poison ivy","1"
"Rhus spp","Poison vine","1"
"Rhus succedanea","Wax tree","1"
"Rhus verniciflua","Lacquer tree","1"
"Ricinus communis","Castor bean","4"
"Ricinus communis","Mole bean","4"
"Ricinus communis","Palma Christi","4"
"Rivina humilis","Coral berry","3"
"Rivina humilis","Pigeonberry","3"
"Robinia pseudoacacia","Acacia, black","4"
"Robinia pseudoacacia","Acacia, false","4"
"Robinia pseudoacacia","Locust, black or yellow","4"
"Rudbeckia hirta","Black eyed Susan","1"
"Rumex crispus","Curly dock","1,2b"
"Rumex crispus","Spurdock","1,2b"
"Rumex hymenosepalus","Wild rhubarb","2b"
"Rumex spp","Dock","2b"
"Rumex spp","Sorrel","2b"
"Rumex venosus","Sand begonia","2b, 3"
"Rumex venosus","Wild begonia","2b, 3"
"Rumex venosus","Wild hydrangea","2b, 3"
"Samanea saman","Rain tree","3"
"Sambucus caerulea","Sambucus (all but ripe berries)","3"
"Sambucus spp","Elderberry (all but ripe berries)","3"
"Sanguinaria canadensis","Bloodroot","3"
"Sanguinaria canadensis","Red root","3"
"Sapium sebiferum","Chinese tallow tree","1,3"
"Sapium sebiferum","Tallow tree","1,3"
"Sassafras spp","Cinnamonwood","4"
"Sassafras spp","Sassafras","4"
"Sassafras spp","Sassafras tea","4"
"Sassafras spp","Tea tree","4"
"Schinus molle","Pepper tree","1,3"
"Schinus terebinthifolius","Christmas berry tree","1"
"Scilla verna","Sea onion","4"
"Scilla verna","Spring onion","4"
"Scindapsus aureus","Devil's ivy","2a"
"Scindapsus aureus","Golden pothos","2a"
"Scindapsus aureus","Marble queen pothos","2a"
"Scindapsus aureus","Pothos","2a"
"Senecio articulatus","Candle plant","4"
"Senecio aureus","Golden ragwort","4"
"Senecio confusus","Mexican flame vine","1"
"Senecio jacobaea","Ragwort, tansy","4"
"Senecio mikanioides","Ivy, water","4"
"Senecio mikanioides","Parlor ivy","4"
"Senecio petasitis","Geranium, California","4"
"Senecio petasitis","Geranium, velvet","4"
"Senecio spp","Dusty miller","4"
"Senecio spp","Rosary beads (not to be confused with Rosary vine)","4"
"Senecio spp","Rosary pearls","4"
"Senecio spp","String of beads","4"
"Senecio spp","String of pearls","4"
"Sesbania punicea","False poinciana","4"
"Sesbania punicea","Rattlebox","4"
"Sesbania vesicaria","Coffee bean","4"
"Solandra grandiflora","Silvercup","4"
"Solandra longiflora","Chalice vine","4"
"Solandra spp","Solandra","4"
"Solandra spp","Trumpet flower or Trumpet plant","4"
"Solanum aculeatissimum","Fishtail palm","4"
"Solanum capsicastrum","Christmas orange","4"
"Solanum capsicastrum","False Jerusalem cherry","4"
"Solanum carolinense","Wild tomato","4"
"Solanum dulcamara","Devil's apple","4"
"Solanum dulcamara","Nightshade, blue","4"
"Solanum dulcamara","Nightshade, climbing","4"
"Solanum dulcamara","Nightshade, deadly","4"
"Solanum dulcamara","Nightshade, poisonous","4"
"Solanum dulcamara","Nightshade, woody","4"
"Solanum eleagnifolium","Devils tomato","4"
"Solanum eleagnifolium","Tomato, devil's","4"
"Solanum jasminoides","Potato vine","4"
"Solanum nigrum","Nightshade, black","4"
"Solanum nigrum","Nightshade, common","4"
"Solanum nigrum","Poison berry","4"
"Solanum pseudocapsicum","Jerusalem cherry","3"
"Solanum pseudocapsicum","Ornamental pepper","3"
"Solanum seaforthianum","Star potato vine","3"
"Solanum spp","Deadly nightshade","4"
"Solanum tuberosum","Potato (all green parts)","4"
"Sophora japonica","Japanese pagoda tree","4"
"Sophora japonica","Weeping pagoda tree","4"
"Sophora secundiflora","Mescal bean","4"
"Spartium junceum","Spanish broom","3"
"Spartium junceum","Weaver's broom","3"
"Spartium scoparium","Irish tops","4"
"Spartium scoparium","Scotch broom","4"
"Spathiphyllum spp","Mauna loa","2a"
"Spathiphyllum spp","Peace lily","2a"
"Spathiphyllum spp","Snowflower","2a"
"Spathiphyllum spp","Spathe flower","2a"
"Spathiphyllum spp","Spathiphyllum","2a"
"Spigelia marilandica","Carolina pink","4"
"Spigelia marilandica","Indian pink","4"
"Spigelia marilandica","Pinkroot","4"
"Stillingia spp","Queen's delight","1"
"Stillingia sylvatica","Queen's root","1"
"Streptosolen jamesonii","Marmalade bush","4"
"Strychnos nux-vomica","Poison nut","4"
"Symphoricarpos spp","Indian currant","3"
"Symphoricarpos spp","Snowberry","3"
"Symphoricarpos spp","Wax berry","3"
"Symphoricarpus spp","Coral berry","3"
"Symphytum officinale","Comfrey","4"
"Symphytum officinale","Slippery root","4"
"Symplocarpus foetidus","Polecat weed","2a"
"Symplocarpus foetidus","Skunk cabbage","2a"
"Symplocarpus foetidus","Skunkweed","2a"
"Syngonium podophyllum","Arrowhead vine","2a"
"Syngonium podophyllum","Nephthytis","2a"
"Tabebuia spp","Trumpet tree","1,3"
"Tagetes erecta","Marigold, big","1"
"Tanacetum vulgare","Golden buttons","1,3"
"Tanacetum vulgare","Tansy","1,3"
"Taxus baccata","English yew","4"
"Taxus baccata","Yew","4"
"Taxus sieboldii","Taxus","4"
"Thevetia peruviana","Be still tree","4"
"Thevetia peruviana","Lucky seed","4"
"Thevetia peruviana","Oleander, yellow","4"
"Thevetia peruviana","Yellow oleander","4"
"Toxicodendron diversilobum","Western poison oak","1"
"Toxicodendron quercifolium","Eastern poison oak","1"
"Toxicodendron radicans","Poison vine","1"
"Toxicodendron radicans","Poison ivy","1"
"Toxicodendron spp","Poison creeper","1"
"Toxicodendron spp","Poison oak","1"
"Toxicodendron vernicifluum","Lacquer tree","1"
"Toxicodendron vernix","Poison dogwood","1"
"Toxicodendron vernix","Poison elder","1"
"Toxicodendron vernix","Poison sumac","1"
"Tulipa spp","Tulip","1,3"
"Ulmus fulva","Slippery elm","1"
"Urechites spp","Allamanda, wild","4"
"Urechites spp","Nighshade, yellow","4"
"Urginea maritima","Red squill","4"
"Urginea maritima","Sea onion","4"
"Urginea maritima","Squill","4"
"Urtica spp","Nettle, stinging","1"
"Valeriana officinales","Valerian","4"
"Veratrum spp","Corn lily","4"
"Veratrum spp","Skunk cabbage","4"
"Veratrum spp","Veratrum","4"
"Veratrum viride","Green hellebore","4"
"Veratrum viride","Hellebore","4"
"Veratrum viride","Indian poke","4"
"Verbena spp","Verbena","1"
"Vinca major","Blue buttons","4"
"Vinca major","Vinca major","4"
"Vinca minor","Myrtle","4"
"Vinca minor","Vinca minor","4"
"Vinca rosea","Periwinkle","4"
"Vinca rosea","Vinca rosea","4"
"Viola cornuta","Johnny jump up (seeds only)","3"
"Viola odorata","Viola (seeds only)","3"
"Viola odorata","Violet (seeds only)","3"
"Viola tricolor","Pansy (seeds only)","3"
"Viscum album","Mistletoe, European","3"
"Wisteria fructescens","Wisteria","3"
"Xanthium spp","Cocklebur","1,3"
"Zamia spp","Cycads","4"
"Zamia spp","Cycas","4"
"Zamia spp","Sago cycas","4"
"Zamia spp","Zamia","4"
"Zantedeschia aethiopica","Lily, arum","2a"
"Zantedeschia aethiopica","Lily, pig","2a"
"Zantedeschia aethiopica","Lily, trumpet","2q"
"Zantedeschia aethiopica","Trumpet lily","2a"
"Zantedeschia spp","Calla lily","2a"
"Zephyranthes atamasco","Atamasco lily","1,3"
"Zephyranthes atamasco","Rain lily","1,3"
"Zephyranthes atamasco","Zephyr lily","1,3"
"Zigadenus elegans","Camus, white","4"
"Zigadenus nuttallii","Poison camus","4"
"Zigadenus or Zygadenus spp","Death camus","4"
"Zigadenus or Zygadenus venenosus","Snakeroot, black","4"
